year,archive,a_file,b_file,h_file,a_rows,dsl_unique,state_column,district_column,industry_column,weight_column,status_column,psl_column,psl_unique,psl_missing_share,psl_masked_share,psl_top_share,cin_column,cin_unique,cin_missing_share,cin_masked_share,cin_top_share,h_rows,h_factories,own_rows,own_positive_rows,purchased_rows,purchased_positive_rows,unmet_rows,unmet_positive_rows,unmet_row_share_of_h_factories,unmet_weighted_positive_factories,tn_purchased_rows,tn_unmet_rows,tn_unmet_positive_rows,self_generation_share_weighted_kwh,realized_cost_median,realized_cost_p01,realized_cost_p99
2000,ASI_DATA_2000_01_CSV.zip,ASI_DATA_2000_01_CSV/A-IDENTIFICATION PARTICULARS.csv,ASI_DATA_2000_01_CSV/B-OWNER'S DETAIL.csv,ASI_DATA_2000_01_CSV/H1-CONSUMPTION FUELS ELECTRICITY AND WATER.csv,41096,41096,A_Itm_7,A_Itm_8,A_Itm_5,WGT,A_Itm_12,A_Itm_2,1.0,0.0,1.0,1.0,,,,,,203579,31961,12311,12309,30873,30873,0,0,0.0,0.0,4667,0,0,0.5141308757324912,4.200109950522265,1.999997654320888,6.851276017707234
2001,ASI_DATA_2001_02_CSV.zip,ASI_DATA_2001_02_CSV/A-IDENTIFICATION PARTICULARS.csv,ASI_DATA_2001_02_CSV/B-OWNER'S DETAIL.csv,ASI_DATA_2001_02_CSV/H-INPUT ITEMS INDIGENOUS.csv,42242,42242,A_Itm7,A_Itm8,A_Itm5,WGT,A_Itm12,A_Itm2,1.0,0.0,1.0,1.0,,,,,,351387,34300,12494,12494,32873,32873,4385,0,0.12784256559766763,0.0,4633,701,0,0.420291962158067,4.350022099447513,2.0,7.000257445969194
2002,ASI_DATA_2002_03_CSV.zip,ASI_DATA_2002_03_CSV/A-IDENTIFICATION  PARTICULARS.csv,ASI_DATA_2002_03_CSV/B-OWNER'S DETAIL.csv,ASI_DATA_2002_03_CSV/H-INPUT ITEMS INDIGENOUS.csv,41846,41846,A_Itm7,A_Itm8,A_Itm5,WGT,A_Itm12,,,,,,,,,,,356618,34610,12649,12644,33184,33184,2641,0,0.07630742559953771,0.0,4634,321,0,0.3903779901349695,4.520316973383577,2.0001429496132834,6.816438763500156
2003,ASI_DATA_2003_04_CSV.zip,ASI_DATA_2003_04_CSV/A-IDENTIFICATION  PARTICULARS.csv,ASI_DATA_2003_04_CSV/B-OWNERS DETAIL.csv,ASI_DATA_2003_04_CSV/H-INPUT ITEMS INDIGENOUS.csv,56889,56889,A_Itm7,A_Itm8,A_Itm5,WGT,A_Itm12,A_Itm2,1.0,0.0,1.0,1.0,,,,,,499536,46660,16259,16257,44695,44695,2328,0,0.04989284183454779,0.0,5615,226,0,0.32676674773656167,4.640874852438087,2.3696949275095065,6.857231539892885
2004,ASI_DATA_2004_05_CSV.zip,ASI_DATA_2004_05_CSV/A-IDENTIFICATION PARTICULARS.csv,ASI_DATA_2004_05_CSV/B-OWNERS DETAIL.csv,ASI_DATA_2004_05_CSV/H-INPUT ITEMS INDIGENOUS.csv,49340,49340,A_Itm7,A_Itm8,A_Itm5,WGT,A_Itm12,,,,,,,,,,,434581,40714,13895,13893,39206,39206,1654,1649,0.04062484649015081,4586.0189,6029,143,141,0.30851903308490963,4.691957715399434,2.579979574117314,6.948108059683967
2005,ASI_DATA_2005_06_CSV.zip,ASI_DATA_2005_06_CSV/BlockA0506.csv,ASI_DATA_2005_06_CSV/BlockB0506.csv,ASI_DATA_2005_06_CSV/BlockH0506.csv,57304,57304,State,District,,Multiplier,Status,,,,,,,,,,,473142,44731,14305,14305,43008,42474,2084,2084,0.046589613467170415,5584.277300000001,6231,116,116,0.3959745333083791,4.718861944777815,2.449999916170941,7.00000059707236
2006,ASI_DATA_2006_07_CSV.zip,ASI_DATA_2006_07_CSV/BLOCK-A.csv,ASI_DATA_2006_07_CSV/BLOCK-B.csv,ASI_DATA_2006_07_CSV/BLOCK-H.csv,66875,66875,State,District,,Multiplier,Status,,,,,,,,,,,474412,44495,14632,14624,42726,41808,2117,41,0.04757837959321272,41.0,4908,91,2,0.3712672519332295,4.778543077857142,2.340028958525302,7.000006467108207
2007,ASI_DATA_2007_08_CSV.zip,ASI_DATA_2007_08_CSV/BlockA200708.csv,ASI_DATA_2007_08_CSV/BlockB200708.csv,ASI_DATA_2007_08_CSV/BlockH200708.csv,56888,56888,State,District,,Multiplier,Status,,,,,,,,,,,420016,38853,12993,12964,37475,36473,1785,0,0.04594239827040383,0.0,4130,80,0,0.34513265245717484,4.849999791591118,2.357373363246268,7.9135548496980395
2008,ASI_DATA_2008_09_CSV.zip,ASI_DATA_2008_09_CSV/A-IDENTIFICATION  PARTICULARS.csv,ASI_DATA_2008_09_CSV/B-OWNERS DETAIL.csv,ASI_DATA_2008_09_CSV/H-INPUT ITEMS INDIGENOUS.csv,54348,54348,A_Itm7,A_Itm8,A_Itm5,WGT,A_Itm12,,,,,,,,,,,413950,38732,13227,13227,37606,36457,0,0,0.0,0.0,5333,0,0,0.3870885792565134,4.969900339955792,2.4100010270334207,8.000037862821463
2009,ASI_DATA_2009_10_CSV.zip,ASI_DATA_2009_10_CSV/A-IDENTIFICATION  PARTICULARS.csv,ASI_DATA_2009_10_CSV/B-OWNERS DETAIL.csv,ASI_DATA_2009_10_CSV/H-INPUT ITEMS INDIGENOUS.csv,57113,57113,A_Itm7,A_Itm8,A_Itm5,WGT,A_Itm12,A_Itm2,1.0,0.0,1.0,1.0,,,,,,444283,42624,13505,13505,41190,39876,0,0,0.0,0.0,6017,0,0,0.3616944493502265,5.0,2.799991414501068,8.35700315569151
2010,ASI_DATA_2010_11_CSV.zip,ASI_DATA_2010_11_CSV/blka201011.csv,ASI_DATA_2010_11_CSV/blkb201011.csv,ASI_DATA_2010_11_CSV/blkh201011.csv,52243,52243,StateCode,District,NIC5digit,Multilplier,Statusofunit,PSL,1.0,0.0,1.0,1.0,,,,,,454276,43932,14302,14283,42673,41228,2233,2233,0.05082855321861058,8020.9226,6476,411,411,0.44765602966115836,5.250014445389647,2.96,8.048562793687296
2011,ASI_DATA_2011_12_CSV.zip,ASI_DATA_2011_12_CSV/blka201112.csv,ASI_DATA_2011_12_CSV/blkb201112.csv,ASI_DATA_2011_12_CSV/blkh201112.csv,52775,52775,StateCode,District,NIC5digit,Multilplier,Statusofunit,PSL,1.0,0.0,1.0,1.0,,,,,,466245,44688,14509,14472,43564,42422,2753,2745,0.06160490511994272,9941.2917,6650,806,806,0.5055374395771256,5.863839658071859,3.0000635516802356,8.939999271328782
2012,ASI_DATA_2012_13_CSV.zip,ASI_DATA_2012_13_CSV/blka201213.csv,ASI_DATA_2012_13_CSV/blkb201213.csv,ASI_DATA_2012_13_CSV/blkh201213.csv,59162,59162,StateCode,District,NIC5digit,Multilplier,Statusofunit,PSL,1.0,0.0,1.0,1.0,,,,,,484968,48292,9102,9102,47139,47139,1853,1853,0.038370744636792846,6097.346305829999,6337,585,585,0.3695917440625501,6.300012180762516,3.9998157443159115,9.198624488892866
2013,ASI_DATA_2013_14_CSV.zip,ASI_DATA_2013_14_CSV/blka201314.csv,ASI_DATA_2013_14_CSV/blkb201314.csv,ASI_DATA_2013_14_CSV/blkh201314.csv,57968,57968,StateCode,District,NIC5digit,Multilplier,Statusofunit,PSL,1.0,0.0,1.0,1.0,,,,,,515973,50506,13492,13492,49369,49369,1802,1802,0.03567892923613036,5779.64432889,6591,775,775,0.26826951603855637,6.900011592609926,3.9997015662274604,11.000034893084939
2014,ASI_DATA_2014_15_CSV.zip,ASI_DATA_2014_15_CSV/blka201415.csv,ASI_DATA_2014_15_CSV/blkb201415.csv,ASI_DATA_2014_15_CSV/blkh201415.csv,63296,63296,State,District,INC5digit,Multilplier,Status_Unit,PSL,1.0,0.0,1.0,1.0,,,,,,542457,53061,14420,14420,51742,50301,963,960,0.018148922937750892,2880.34186143,6956,357,357,0.2774527281602968,7.001807501129688,4.000000301454155,11.519996464302247
2015,ASI_DATA_2015_16_CSV.zip,ASI_DATA_2015_16_CSV/Block-A-201516.csv,ASI_DATA_2015_16_CSV/Block-B-201516.csv,ASI_DATA_2015_16_CSV/Block-H-201516.csv,65110,65110,STATE_CD,DISTRICT_CD,IND_CD,MULTIPLIER,UNIT_STATUS,PSL,1.0,0.0,1.0,1.0,CIN,1.0,0.0,1.0,1.0,541009,53406,15104,15104,52061,50673,1154,1146,0.021608059019585815,3509.94755697,7687,498,496,0.2799228586892123,7.249984743738394,4.0,11.528593900563964
2016,ASI_DATA_2016_17_CSV.zip,ASI_DATA_2016_17_CSV/blkA201617.csv,ASI_DATA_2016_17_CSV/blkB201617.csv,ASI_DATA_2016_17_CSV/blkH201617.csv,68105,68105,state_cd,district_cd,ind_cd_return,mult,unit_status,psl,1.0,0.0,1.0,1.0,cin,1.0,0.0,1.0,1.0,623090,57202,15962,15962,54856,54856,56755,1251,0.9921855879165065,3967.66408903,8247,8301,433,0.3287038575940619,7.450366133518834,4.000006279376948,11.69596602817334
2017,ASI_DATA_2017_18_CSV.zip,ASI_DATA_2017_18_CSV/blkA201718.csv,ASI_DATA_2017_18_CSV/blkB201718.csv,ASI_DATA_2017_18_CSV/blkH201718.csv,66688,66688,a7,a8,a5,mult,a12,a2,1.0,0.0,1.0,1.0,b03,1.0,0.0,1.0,1.0,612444,56005,11370,11370,53825,52087,54993,1178,0.9819301848049281,3803.4558276999996,8050,7902,286,0.8917103562259213,7.500658568710668,4.049999995929459,12.100002202205054
2018,ASI_DATA_2018_19_CSV.zip,ASI_DATA_2018_19_CSV/blkA201819.csv,ASI_DATA_2018_19_CSV/blkB201819.csv,ASI_DATA_2018_19_CSV/blkH201819.csv,67356,67356,A7,A8,A5,MULT,A12,A2,1.0,0.0,1.0,1.0,B03,1.0,0.0,1.0,1.0,554316,55124,8910,8910,53461,53403,0,0,0.0,0.0,7816,0,0,0.1514906083101267,7.799999725272975,4.150000041952541,12.379999961929927
2019,ASI_DATA_2019_20_CSV.zip,ASI_DATA_2019_20_CSV/blkA201920.csv,ASI_DATA_2019_20_CSV/blkB201920.csv,ASI_DATA_2019_20_CSV/blkH201920.csv,66853,66853,a7,a8,a5,mult,a12,a2,1.0,0.0,1.0,1.0,b03,1.0,0.0,1.0,1.0,555096,54715,10012,10012,53907,53907,0,0,0.0,0.0,7786,0,0,0.22114848884935098,7.979999999587111,4.20000924991819,12.99999998138585
2020,ASI_DATA_2020_21_CSV.zip,ASI_DATA_2020_21_CSV/blkA202021.csv,ASI_DATA_2020_21_CSV/blkB202021.csv,ASI_DATA_2020_21_CSV/blkH202021.csv,68009,68009,a7,a8,a5,mult,a12,a2,1.0,0.0,1.0,1.0,b03,1.0,0.0,1.0,1.0,565014,55692,6833,6833,54902,54902,0,0,0.0,0.0,7987,0,0,0.27304390961135877,8.0,4.2799999432551665,12.85999999038756
2021,ASI_DATA_2021_22_CSV.zip,ASI_DATA_2021_22_CSV/blkA202122.csv,ASI_DATA_2021_22_CSV/blkB202122.csv,ASI_DATA_2021_22_CSV/blkH202122.csv,68548,68548,a7,a8,a5,mult,a12,a2,1.0,0.0,1.0,1.0,b03,1.0,0.0,1.0,1.0,578763,56509,6703,6620,55832,55832,0,0,0.0,0.0,8000,0,0,0.10333565960788654,8.100000011440011,4.613099999543235,13.49999987403493
2022,ASI_DATA_2022_23_CSV.zip,ASI_DATA_2022_23_CSV/blkA202223.csv,ASI_DATA_2022_23_CSV/blkB202223.csv,ASI_DATA_2022_23_CSV/blkH202223.csv,68462,68462,a7,a8,a5,mult,a12,a2,1.0,0.0,1.0,1.0,b03,1.0,0.0,1.0,1.0,592670,57527,5772,5772,56876,56876,0,0,0.0,0.0,8278,0,0,0.10817167137573641,8.38999998947564,4.69999978160482,13.499999978615648
2023,ASI_DATA_2023_24_CSV.zip,ASI_DATA_2023_24_CSV/blkA202324.csv,ASI_DATA_2023_24_CSV/blkB202324.csv,ASI_DATA_2023_24_CSV/blkH202324.csv,68641,68641,a7,a8,a5,mult,a12,a2,1.0,0.0,1.0,1.0,b03,1.0,0.0,1.0,1.0,600530,58523,5330,5330,57918,57918,7,0,0.00011961109307451771,0.0,8162,0,0,0.13609200988695883,8.500001737929603,4.70999999329068,13.860000285326818
